Third Generation Homogenized Temperature for Canada  - Update to December 2019.,,,,,,,,,,,,,
Troisième génération de températures homogénéisées pour le Canada - Mise à jour décembre 2019.,,,,,,,,,,,,,
No,StnId,Station name,Prov,FromYear,FromMonth,ToYear,ToMonth,%Miss,Lat(deg),Long(deg),Elev(m),Joined,RCS
1,1100031,ABBOTSFORD_A,BC,1944,10,2019,12,0.5,49,-122.3,5,y,n
2,1100120,AGASSIZ_CDA,BC,1893,1,2018,9,1.6,49.2,-121.7,1,n,n
3,1100119,AGASSIZ_RCS,BC,1988,11,2019,12,4.6,49.2,-121.7,1,n,y
4,1036B06,ALBERNI,BC,1900,2,2019,12,1.1,49.3,-124.9,7,y,n
5,1160483,ARMSTRONG,BC,1913,3,1998,12,10.9,50.5,-119.2,50,y,n
6,1200560,ATLIN,BC,1905,8,2019,12,18.7,59.5,-133.7,67,n,n
7,1180585,BALDONNEL,BC,1927,1,1993,10,1.6,56.2,-120.6,68,n,n
8,1090660,BARKERVILLE,BC,1888,2,2015,3,5,53,-121.5,128,n,n
9,1130771,BEAVERDELL,BC,1939,1,2006,9,13.2,49.4,-119,83,y,n
10,1060844,BELLA_COOLA,BC,1895,5,2019,12,3.3,52.3,-126.5,3,y,y
11,1080870,BIG_CREEK,BC,1893,1,1998,11,15.8,51.6,-123,117,n,n
12,1160H99,BLUE_RIVER,BC,1946,9,2019,12,1.4,52.1,-119.2,68,y,n
13,1041050,BRITANNIA_BEACH_FURR,BC,1913,12,2000,4,24.1,49.5,-123.2,0,n,n
14,1091174,BURNS_LAKE,BC,1949,3,2019,12,10.4,54.3,-125.9,71,y,y
15,1031353,CAPE_SCOTT,BC,1921,7,2016,6,9.9,50.7,-128.4,7,y,n
16,1051351,CAPE_ST_JAMES,BC,1944,12,2019,12,9.6,51.9,-131,8,y,y
17,1171393,CARIBOO_LODGE,BC,1914,1,2016,10,9.7,52.7,-119.4,109,y,n
18,1141455,CASTLEGAR_A,BC,1959,7,2019,12,4.4,49.3,-117.6,49,y,n
19,1021480,CHATHAM_POINT,BC,1958,7,2019,1,8.6,50.3,-125.4,2,n,n
20,1101530,CHILLIWACK,BC,1881,2,2014,8,29.7,49.1,-121.9,1,n,n
21,1161663,CLINTON_AUT,BC,1993,1,2019,12,4.6,51.1,-121.5,105,y,y
22,1021830,COMOX,BC,1935,11,2019,12,1.2,49.7,-124.9,2,y,n
23,1021960,CORTES_ISLAND,BC,1947,3,2019,2,9.9,50,-124.9,1,y,n
24,1012010,COWICHAN_BAY_CHERRY_,BC,1913,10,1984,3,7.7,48.7,-123.5,0,n,n
25,1152106,CRANBROOK,BC,1901,1,2019,12,6.6,49.6,-115.7,92,y,y
26,114B1F0,CRESTON,BC,1912,6,2019,12,0.5,49,-116.5,64,y,y
27,1022250,CUMBERLAND,BC,1922,5,1977,6,4.7,49.6,-125,15,n,n
28,1162265,DARFIELD,BC,1913,12,2018,3,8.1,51.3,-120.1,46,y,n
29,1182289,DAWSON_CREEK,BC,1952,9,2019,12,7.4,55.7,-120.1,65,y,n
30,119BLM0,DEASE_LAKE,BC,1944,9,2019,12,2.3,58.4,-130,80,y,y
31,1062544,DRYAD_POINT,BC,1977,11,2019,12,0.7,52.1,-128.1,0,n,n
32,1012573,DUNCAN,BC,1926,1,2016,3,1.6,48.7,-123.7,10,y,n
33,1032731,ESTEVAN_POINT,BC,1923,10,2019,12,1.7,49.3,-126.5,0,y,y
34,1142820,FAUQUIER,BC,1913,2,2017,12,7,49.8,-118,49,n,n
35,1152850,FERNIE,BC,1913,12,2019,12,5.1,49.4,-115,100,n,n
36,1192948,FORT_NELSON,BC,1937,9,2019,12,0.7,58.8,-122.5,38,y,y
37,1092975,FORT_ST_JAMES,BC,1895,1,2019,12,1,54.4,-124.2,68,y,y
38,1183001,FORT_ST_JOHN,BC,1939,1,2019,12,0.4,56.2,-120.7,69,y,y
39,1183090,GERMANSEN,BC,1951,8,2013,11,1.8,55.7,-124.7,76,n,n
40,1173191,GLACIER,BC,1908,1,2014,7,4,51.3,-117.5,133,y,n
41,1173220,GOLDEN,BC,1902,4,2019,12,2.4,51.3,-116.9,78,y,y
42,1140876,GRAND_FORKS,BC,1911,3,2019,12,2.8,49,-118.2,51,y,n
43,1133300,GREENWOOD,BC,1911,6,1990,8,19.1,49.1,-118.6,76,n,n
44,1113543,HOPE,BC,1936,10,2019,12,2.1,49.3,-121.5,3,y,n
45,1093600,HORSEFLY_LAKE_GRUHS_,BC,1987,6,2016,6,3.5,52.3,-121.3,77,n,n
46,1073615,HOUSTON,BC,1988,9,2019,12,2.2,54.4,-126.6,61,n,n
47,1063690,IVORY_ISLAND,BC,1989,6,2019,12,0.5,52.2,-128.4,1,n,n
48,1013720,JAMES_ISLAND,BC,1914,2,1978,9,0.4,48.6,-123.3,5,n,n
49,1123750,JOE_RICH_CREEK,BC,1948,6,2008,12,3,49.8,-119.1,87,n,n
50,1163781,KAMLOOPS,BC,1890,1,2019,12,2.3,50.7,-120.4,34,y,n
51,1163842,KAMLOOPS_AUT,BC,2006,4,2019,12,3.4,50.7,-120.4,34,n,y
52,1143900,KASLO,BC,1912,3,2018,9,1.9,49.9,-116.9,60,n,n
53,1123939,KELOWNA,BC,1899,3,2019,12,1.5,49.9,-119.3,43,y,n
54,1064020,KEMANO,BC,1951,8,2019,12,6.5,53.5,-127.9,6,n,n
55,1124112,KEREMEOS,BC,1913,1,2000,8,22.8,49.2,-119.8,43,y,n
56,1154203,KIMBERLEY,BC,1943,2,2019,12,24.2,49.6,-115.9,88,y,n
57,1064321,KITIMAT,BC,1951,6,2019,12,5.7,54,-128.7,1,y,n
58,1064320,KITIMAT_TOWNSITE,BC,1954,1,2019,12,2.7,54,-128.6,9,n,n
59,1104488,LAIDLAW,BC,1977,1,2017,2,6.7,49.3,-121.5,3,n,n
60,1054500,LANGARA,BC,1936,7,2019,12,0.5,54.2,-133,4,n,n
61,1024638,LITTLE_QUALICUM_HATC,BC,1981,1,2019,12,6.4,49.3,-124.5,3,n,n
62,1114746,LYTTON,BC,1944,8,2019,12,3.1,50.2,-121.5,22,y,y
63,1184793,MACKENZIE,BC,1971,2,2019,12,2.1,55.3,-123.1,69,y,y
64,1054929,MASSET_A,BC,1900,1,2019,12,40.4,54,-132.1,0,y,n
65,1094948,MCBRIDE,BC,1922,5,2009,3,10.1,53.4,-120.3,73,y,n
66,1124980,MCCULLOCH,BC,1936,1,1996,2,2.8,49.8,-119.2,125,n,n
67,1065010,MCINNES_ISLAND,BC,1955,1,2019,12,4,52.2,-128.7,2,n,y
68,1125079,MERRITT,BC,1962,5,2019,12,3.8,50.1,-120.8,60,y,n
69,1175122,MICA_DAM,BC,1951,6,2019,12,17.7,52,-118.5,57,n,n
70,1195250,MUNCHO_LAKE_A,BC,1970,5,2014,3,8.6,58.9,-125.7,83,n,n
71,1145297,NAKUSP,BC,1964,9,2019,12,6.7,50.2,-117.8,51,y,y
72,1025369,NANAIMO_A,BC,1892,1,2019,12,7,49,-123.8,2,y,n
73,1025C70,NANAIMO_DEPARTURE_BA,BC,1913,1,1992,11,9.5,49.2,-123.9,0,n,n
74,1075384,NASS_CAMP,BC,1973,9,2017,12,5.9,55.2,-129,19,n,n
75,1145442,NELSON,BC,1904,1,2019,12,6.3,49.5,-117.2,57,y,n
76,1145460,NEW_DENVER,BC,1967,5,2019,12,3.3,50,-117.3,56,n,n
77,1075520,NEW_HAZELTON,BC,1914,8,1976,8,4.1,55.2,-127.6,31,n,n
78,1106178,NEW_WESTMINSTER,BC,1874,9,2019,12,19.5,49.2,-122.6,0,y,n
79,1065670,OCEAN_FALLS,BC,1924,1,1986,11,3.5,52.3,-127.6,0,n,n
80,1125700,OKANAGAN_CENTRE,BC,1926,1,2019,10,4.8,50,-119.4,37,n,n
81,1125760,OLIVER,BC,1938,6,2008,10,2.4,49.1,-119.5,31,n,n
82,1125766,OLIVER_STP,BC,1955,1,2019,12,1.6,49.1,-119.5,29,n,n
83,1085836,OOTSA_LAKE_SKINS_LAK,BC,1926,1,2019,12,1.2,53.7,-126,86,y,y
84,1125852,OSOYOOS,BC,1954,4,2019,12,9.7,49,-119.4,28,y,n
85,1035940,PACHENA_POINT,BC,1924,11,2019,12,2,48.7,-125.1,3,n,n
86,1086082,PEMBERTON_AIRPORT_CS,BC,1912,8,2019,12,8.1,50.3,-122.7,20,y,n
87,1126146,PENTICTON,BC,1907,4,2019,12,0.8,49.4,-119.6,34,y,n
88,1106180,PITT_POLDER,BC,1954,1,2010,6,4,49.2,-122.6,0,n,n
89,1036240,PORT_ALICE,BC,1956,1,2016,4,4.4,50.3,-127.4,2,n,n
90,1026271,PORT_HARDY,BC,1944,5,2019,12,0.3,50.6,-127.3,2,y,y
91,1046392,POWELL_RIVER,BC,1924,1,2019,12,5.3,49.8,-124.5,12,y,n
92,1046391,POWELL_RIVER_A,BC,1954,1,2019,12,9.9,49.8,-124.5,13,n,n
93,1096453,PRINCE_GEORGE,BC,1912,8,2019,12,0.8,53.8,-122.6,68,y,y
94,1066482,PRINCE_RUPERT,BC,1908,8,2019,12,1.7,54.2,-130.4,3,y,n
95,112FN0M,PRINCETON,BC,1893,7,2019,12,2.4,49.4,-120.5,69,y,y
96,1036572,QUATSINO,BC,1895,6,2019,12,5.2,50.4,-128,2,y,y
97,1096631,QUESNEL,BC,1899,1,2019,12,0.8,53,-122.5,54,y,y
98,1026639,QUINSAM_RIVER,BC,1958,7,2018,12,1.2,50,-125.3,4,y,n
99,1176755,REVELSTOKE,BC,1898,5,2019,12,7.3,50.9,-118.1,44,y,y
100,1016940,SAANICHTON_CDA,BC,1914,3,2019,7,0.6,48.6,-123.4,6,n,n
101,1167337,SALMON_ARM,BC,1911,7,2019,12,1.1,50.5,-119.3,41,y,n
102,1016995,SALTSPRING_,BC,1909,11,2019,12,1,48.8,-123.5,4,y,n
103,1057051,SANDSPIT,BC,1945,9,2019,12,4.2,53.2,-131.8,0,y,y
104,1017099,SATURNA_CAPMON,BC,1989,6,2019,12,3,48.7,-123.1,17,y,y
105,1017230,SHAWNIGAN_LAKE,BC,1913,4,2019,12,0.6,48.6,-123.6,15,n,n
106,1077501,SMITHERS,BC,1922,6,2019,12,1.1,54.8,-127.1,51,y,y
107,1147620,SOUTH_SLOCAN,BC,1940,10,2008,12,9.1,49.4,-117.5,45,n,n
108,10476F0,SQUAMISH,BC,1983,4,2019,12,4.2,49.7,-123.1,5,y,n
109,1107680,STAVE_FALLS,BC,1909,10,2004,8,11,49.2,-122.3,11,n,n
110,1067748,STEWART,BC,1910,9,2019,12,6,55.9,-129.9,0,y,n
111,112G8L1,SUMMERLAND,BC,1907,7,2019,12,0.3,49.5,-119.6,45,y,y
112,1088015,TATLAYOKO_LAKE,BC,1930,1,2019,12,2.1,51.6,-124.4,87,y,y
113,1068134,TERRACE,BC,1912,10,2019,12,2.6,54.4,-128.5,21,y,n
114,1038205,TOFINO_A,BC,1958,12,2019,12,0.7,49,-125.7,2,n,n
115,1038332,UCLUELET_KENNEDY_CAM,BC,1988,9,2019,12,1.7,48.9,-125.5,4,n,n
116,1108380,VANCOUVER,BC,1896,2,2019,12,0.3,49.1,-123.1,0,y,y
117,1108446,VANCOUVER_HARBOUR_CS,BC,1898,10,2019,12,19.6,49.3,-123.1,0,y,n
118,1168520,VAVENBY,BC,1913,4,2019,12,1.8,51.5,-119.7,44,n,y
119,1128582,VERNON,BC,1900,4,2019,12,0.6,50.2,-119.2,48,y,y
120,1128553,VERNON_BELLA_VISTA,BC,1919,12,2017,12,22.4,50.2,-119.3,42,y,n
121,1018621,VICTORIA,BC,1898,8,2019,12,0.3,48.6,-123.4,2,y,n
122,1018611,VICTORIA_GONZALES_CS,BC,1995,2,2019,12,1.2,48.4,-123.3,6,n,n
123,1018598,VICTORIA_UNIVERSITY_,BC,1992,12,2019,12,0.5,48.4,-123.3,6,n,y
124,1148705,WARFIELD,BC,1928,6,2019,12,6.9,49.1,-117.7,56,y,y
125,1158730,WASA,BC,1983,7,2017,12,6.1,49.8,-115.6,97,n,n
126,1168880,WESTWOLD,BC,1921,5,2013,5,3.6,50.4,-119.7,60,n,n
127,1108910,WHITE_ROCK_CAMPBELL_,BC,1929,1,2019,12,26.3,49,-122.7,1,n,n
128,1098941,WILLIAMS_LAKE,BC,1939,1,2019,12,0.9,52.1,-122,94,y,n
129,11790J1,YOHO_PARK,BC,1974,1,2019,12,7.4,51.4,-116.3,160,y,n
130,2100184,BURWASH,YT,1966,10,2019,12,2.7,61.3,-139,80,y,y
131,2100301,CARMACKS,YT,1963,8,2019,12,12,62.1,-136.2,54,y,n
132,2100LRP,DAWSON,YT,1901,1,2019,12,1,64,-139.1,37,y,y
133,2100518,FARO_(AUT),YT,1977,12,2019,12,8.4,62.2,-133.3,71,y,y
134,2100630,HAINES_JUNCTION,YT,1944,10,2019,12,14.4,60.7,-137.5,59,n,y
135,2100660,IVVAVIK_NAT_PARK,YT,1995,7,2019,12,8.1,69.1,-140.1,24,n,n
136,2100682,KOMAKUK_BEACH,YT,1958,7,2018,6,9.9,69.6,-140.2,1,y,y
137,2100693,MACMILLAN_PASS,YT,1998,2,2019,12,10.2,63.2,-130,137,n,y
138,2100701,MAYO,YT,1924,10,2019,12,2.4,63.6,-135.8,50,y,y
139,2100805,OLD_CROW,YT,1951,9,2019,12,25.8,67.5,-139.8,25,y,y
140,2100880,PELLY_RANCH,YT,1955,1,2017,8,2.5,62.8,-137.3,44,n,y
141,2100941,ROSS_RIVER,YT,1961,12,2008,8,29.5,61.9,-132.4,69,y,n
142,2100950,SHINGLE_POINT,YT,1957,6,2019,12,10.6,68.9,-137.2,4,n,n
143,2101102,TESLIN,YT,1943,10,2019,12,7.2,60.1,-132.7,70,y,n
144,2101135,TUCHITUA,YT,1967,1,2014,9,26.2,60.9,-129.2,72,n,y
145,2101204,WATSON_LAKE,YT,1938,10,2019,12,0.9,60.1,-128.8,68,y,y
146,2101310,WHITEHORSE,YT,1959,2,2019,12,5.8,60.7,-135.1,70,y,y
147,2101303,WHITEHORSE_A,YT,1942,4,2019,12,2.6,60.7,-135,70,y,n
148,2200675,CAPE_PARRY,NWT,1957,5,2019,12,4.2,70.1,-124.7,8,n,y
149,2201022,DELINE_CS,NWT,1991,1,2019,12,8.5,65.2,-123.4,21,y,n
150,2201450,FORT_GOOD_HOPE,NWT,1944,8,2019,12,25,66.2,-128.6,8,y,n
151,2201500,FORT_GOOD_HOPE_2,NWT,1908,9,1966,12,2,66.2,-128.6,4,n,n
152,2201579,FORT_LIARD,NWT,1973,7,2019,12,3.5,60.2,-123.4,21,y,n
153,2201601,FORT_MCPHERSON,NWT,1940,1,2014,11,19.2,67.4,-134.8,3,y,n
154,2201799,FORT_PROVIDENCE,NWT,1994,3,2019,12,4.6,61.3,-117.6,16,n,n
155,2201903,FORT_RELIANCE,NWT,1948,10,2019,12,9.2,62.7,-109.1,16,y,y
156,2202000,FORT_RESOLUTION,NWT,1911,8,2014,11,19.8,61.1,-113.6,16,y,n
157,2202102,FORT_SIMPSON,NWT,1895,11,2019,12,7.1,61.7,-121.2,16,y,y
158,2202202,FORT_SMITH,NWT,1913,7,2019,12,2.2,60,-111.9,20,y,y
159,2202402,HAY_RIVER,NWT,1893,9,2019,12,2.8,60.8,-115.7,16,y,y
160,2502505,HOLMAN_CS,NWT,2000,3,2019,12,3.7,70.7,-117.8,3,n,y
161,2202578,INUVIK,NWT,1957,3,2019,12,0.6,68.3,-133.5,10,y,y
162,2202678,LAC_LA_MARTRE,NWT,1994,3,2019,12,16.5,63.1,-117.2,27,n,n
163,220N003,LINDBURG_LANDING,NWT,1998,6,2019,12,9,61.1,-122.8,18,n,n
164,220B68C,LIVERPOOL_BAY,NWT,1992,12,2019,12,15.3,69.6,-130.9,10,n,n
165,220L002,LUTSELK'E_CS,NWT,2000,1,2017,7,1.4,62.4,-110.6,17,n,n
166,250M001,MOULD_BAY,NWT,1948,5,2019,12,5.4,76.2,-119.3,0,y,y
167,2202810,NORMAN_WELLS,NWT,1943,5,2019,12,0.7,65.2,-126.7,9,y,y
168,2203058,PAULATUK,NWT,1985,5,2019,12,5.9,69.3,-124,0,y,y
169,2203359,RAE_LAKES,NWT,1994,3,2019,12,22.9,64.1,-117.3,22,n,n
170,2503648,SACHS_HARBOUR,NWT,1955,11,2019,12,5.7,72,-125.2,8,y,y
171,2503886,THOMSEN_RIVER,NWT,1997,7,2019,12,17.5,73.2,-119.5,4,n,n
172,220N005,TRAIL_VALLEY,NWT,1998,9,2019,12,7.5,68.7,-133.5,8,n,n
173,2203914,TUKTOYAKTUK,NWT,1957,6,2019,12,6.7,69.4,-133,0,y,y
174,2201700,TULITA_A,NWT,1908,8,2014,12,36.6,64.9,-125.5,10,n,n
175,2204000,WRIGLEY_A,NWT,1943,8,2015,2,22.3,63.2,-123.4,15,n,n
176,2204101,YELLOWKNIFE,NWT,1942,7,2019,12,0.3,62.4,-114.4,20,y,y
177,2204200,YELLOWKNIFE_HYDRO,NWT,1943,1,2000,6,13.4,62.6,-114.2,15,n,n
178,2204300,YOHIN,NWT,1957,6,2019,12,22.4,61.2,-123.7,20,n,n
179,2400305,ALERT,NU,1950,7,2019,12,0.7,82.5,-62.3,6,y,y
180,2400404,ARCTIC_BAY,NU,1937,9,2019,12,18.9,73,-85,1,y,y
181,2301153,ARVIAT_CLIMATE,NU,2004,12,2019,12,1.5,61.1,-94,1,n,y
182,2300501,BAKER_LAKE,NU,1946,2,2019,12,1.7,64.3,-96,5,y,y
183,2400565,BREVOORT_ISLAND,NU,1959,11,2019,12,29.7,63.3,-64.1,37,n,n
184,2400602,CAMBRIDGE_BAY,NU,1940,1,2019,12,2.2,69.1,-105.1,1,y,y
185,2400636,CAPE_DORSET,NU,1927,9,2019,12,10.2,64.2,-76.5,5,y,y
186,2400650,CAPE_DYER,NU,1959,8,2019,12,20.8,66.6,-61.3,72,y,n
187,2400660,CAPE_HOOPER,NU,1957,1,2018,7,7,68.4,-66.8,39,n,n
188,2400F63,CAPE_MERCY,NU,1994,10,2018,8,8.1,64.9,-63.5,58,n,n
189,2400697,CAPE_PEEL_WEST,NU,1992,12,2019,12,22.4,69,-107.8,16,n,n
190,2300707,CHESTERFIELD,NU,1930,9,2014,11,9.9,63.3,-90.7,1,y,n
191,2400804,CLYDE,NU,1946,2,2019,12,1.6,70.4,-68.5,2,y,n
192,2301002,CORAL_HARBOUR,NU,1945,3,2019,12,1.6,64.2,-83.3,6,y,y
193,230J01Q,CROKER_RIVER,NU,1992,12,2018,7,6.9,69.2,-119.2,6,n,n
194,2401030,DEWAR_LAKES,NU,1958,2,2019,12,6.8,68.6,-71.1,52,n,y
195,2301102,ENNADAI_LAKE,NU,1949,10,2019,12,28,61.1,-100.8,35,y,y
196,2401199,EUREKA,NU,1947,5,2019,12,0.6,79.9,-85.9,1,y,y
197,2400570,FOX_FIVE,NU,1957,9,2018,6,9,67.5,-63.7,58,n,n
198,2302340,GJOA_HAVEN_CLIMATE,NU,1984,8,2019,12,3.8,68.6,-95.8,4,y,y
199,2402351,GRISE_FIORD,NU,1984,8,2019,12,16.2,76.4,-82.9,4,y,y
200,2402353,HALL_BEACH,NU,1957,1,2019,12,1.2,68.7,-81.2,0,y,y
201,2302370,HAT_ISLAND,NU,1992,12,2019,8,8,68.3,-100,3,n,n
202,2402592,IQALUIT,NU,1946,1,2019,12,1.2,63.7,-68.5,3,y,y
203,2402604,ISACHSEN_(AUT),NU,1997,8,2019,12,27.4,78.8,-103.5,5,n,y
204,2300904,KUGLUKTUK,NU,1930,10,2019,12,2.2,67.8,-115.1,2,y,y
205,2402684,LONGSTAFF_BLUFF,NU,1958,6,2009,7,8.4,68.9,-75.1,16,n,y
206,230N002,LUPIN,NU,1959,1,2019,12,4.4,65.7,-111.2,48,y,y
207,2403049,PANGNIRTUNG,NU,1995,9,2019,12,10.9,66.1,-65.7,2,n,y
208,2303094,KUGAARUK_CLIMATE,NU,1957,8,2019,12,4.3,68.5,-89.8,1,y,y
209,2403204,POND_INLET,NU,1922,10,2019,12,26.9,72.7,-77.9,6,y,y
210,2400573,QIKIQTARJUAQ_CLIMAT,NU,2005,3,2019,12,6.4,67.5,-64,0,n,y
211,2303405,RANKIN_INLET_A,NU,1981,1,2019,12,0.5,62.8,-92.1,3,y,n
212,2403505,RESOLUTE,NU,1947,10,2019,12,1.6,74.7,-94.9,3,y,y
213,2403602,RESOLUTION_ISLAND,NU,1929,10,2018,7,26.3,61.5,-64.6,36,y,n
214,2303610,ROBERTSON_LAKE_(AUT),NU,1995,1,2019,12,30.2,65.1,-102.4,24,n,y
215,2303685,SHEPHERD_BAY,NU,1957,4,2019,12,11.5,68.8,-93.4,4,n,y
216,2403756,STEFANSSON_ISLAND,NU,2002,8,2019,12,29.4,73.7,-105.3,1,n,y
217,2403855,TALOYOAK_A,NU,1984,9,2019,12,5.4,69.5,-93.5,2,y,n
218,2403945,WAGER_BAY_(AUT),NU,2001,1,2019,12,42.6,65.8,-89.4,1,n,y
219,3010237,ANDREW,ALTA,1974,11,2019,12,3.1,53.9,-112.2,62,y,n
220,3060330,ATHABASCA,ALTA,1918,6,2019,12,3.7,54.6,-113.3,63,y,n
221,3050519,BANFF,ALTA,1887,11,2019,12,2.7,51.2,-115.5,139,y,y
222,3050602,BEAVER_MINES,ALTA,2012,2,2019,12,3.9,49.4,-114.1,125,n,y
223,3070600,BEAVERLODGE,ALTA,1913,4,2019,12,1.7,55.2,-119.4,74,y,y
224,3050778,BOW_VALLEY,ALTA,1967,5,2019,12,24.6,51,-115,129,y,n
225,3030QLP,BROOKS,ALTA,1915,5,2019,12,19.2,50.5,-111.8,74,y,y
226,3030838,BROOKS_AHRC,ALTA,1912,4,1980,5,16.6,50.5,-111.9,75,y,n
227,3010890,BROWNFIELD,ALTA,1958,9,2009,6,0.5,52.3,-111.4,75,n,n
228,3031000,CALDWELL,ALTA,1932,4,1990,11,7.1,49.1,-113.6,128,n,n
229,3031094,CALGARY,ALTA,1885,1,2019,12,0.3,51.1,-114,108,y,y
230,3011120,CALMAR,ALTA,1915,11,2018,9,11.2,53.2,-113.8,72,n,n
231,3061201,CAMPSIE,ALTA,1912,9,2019,12,1.7,54.1,-114.6,64,y,y
232,3011240,CAMROSE,ALTA,1946,3,2019,12,3.5,53,-112.8,73,n,n
233,3031322,CARDSTON,ALTA,1918,8,2019,12,6.4,49.2,-113.2,113,y,n
234,3031402,CARWAY,ALTA,1914,8,2019,12,9.8,49,-113.3,135,y,y
235,3074935,CLEARDALE,ALTA,1964,5,2019,12,2.5,56.3,-119.7,63,y,n
236,3081680,COLD_LAKE,ALTA,1925,7,2019,12,2,54.4,-110.2,54,y,n
237,3011887,CORONATION,ALTA,1924,3,2019,12,11.6,52,-111.4,79,y,y
238,3012206,EDMONTON,ALTA,1880,7,2019,12,0.6,53.3,-113.6,71,y,y
239,3012209,EDMONTON_BLATCHFORD,ALTA,1996,3,2019,12,0.4,53.5,-113.5,67,n,y
240,3012212,EDMONTON_NAMAO_A,ALTA,1955,11,2019,12,6.7,53.6,-113.4,68,y,n
241,3062239,EDSON,ALTA,1970,4,2019,12,47.6,53.5,-116.4,92,y,n
242,3062246,EDSON_A,ALTA,1914,2,2019,12,5.2,53.5,-116.4,92,y,y
243,3012275,ELK_ISLAND_NAT_PARK,ALTA,1981,11,2019,12,12.2,53.6,-112.8,71,n,n
244,3012280,ELK_POINT,ALTA,1911,1,1997,6,7,53.8,-111,60,n,n
245,3022400,EMPRESS,ALTA,1937,4,2006,3,14.9,50.9,-110,61,n,n
246,306A009,ENTRANCE,ALTA,1917,6,2019,12,8.2,53.4,-117.5,101,y,n
247,3072525,FAIRVIEW,ALTA,1931,10,2019,12,6.3,56,-118.4,65,y,n
248,3032642,FOREMOST,ALTA,1915,8,2019,12,24.7,49.4,-111.4,88,y,n
249,3062660,FORT_ASSINIBOINE,ALTA,1970,1,2019,12,3.9,54.4,-114.7,67,y,n
250,3072659,FORT_CHIPEWYAN,ALTA,1883,10,2019,12,11.8,58.7,-111.1,23,y,y
251,3032680,FORT_MACLEOD,ALTA,1876,6,1988,3,16.9,49.7,-113.4,95,n,n
252,3062696,FORT_MCMURRAY,ALTA,1916,1,2019,12,0.9,56.6,-111.2,36,y,y
253,3012710,FORT_SASKATCHEWAN,ALTA,1958,3,2019,12,7.5,53.7,-113.1,62,n,n
254,3072723,FORT_VERMILION,ALTA,1908,7,2019,12,12.9,58.3,-116,28,y,n
255,3032801,GLEICHEN,ALTA,1903,7,2019,12,4.6,50.9,-112.9,90,y,n
256,3072921,GRANDE_PRAIRIE,ALTA,1930,10,2019,12,6.8,55.1,-118.8,66,y,n
257,3073140,HIGH_LEVEL,ALTA,1967,6,2019,12,1,58.6,-117.1,33,y,y
258,3063165,HIGH_PRAIRIE,ALTA,1926,9,2019,12,18.6,55.4,-116.4,60,y,n
259,3053250,HIGH_RIVER,ALTA,1902,8,2011,9,11.5,50.5,-114.3,158,y,n
260,3025222,HILLSDOWN,ALTA,1904,1,1981,4,1,52.1,-113.5,94,y,n
261,3013361,HUGHENDEN,ALTA,1934,10,1985,7,3.7,52.5,-110.9,69,y,n
262,3063600,ISLAND_LAKE_SOUTH,ALTA,2015,1,2019,12,2.6,54.8,-113.5,61,n,y
263,3053536,JASPER,ALTA,1926,9,2019,12,6.5,52.9,-118,102,y,y
264,3023560,JENNER,ALTA,1915,8,2008,1,33.3,50.7,-111.2,75,n,n
265,3053600,KANANASKIS,ALTA,1939,8,2019,12,1.8,51,-115,139,n,y
266,3073641,KEG_RIVER,ALTA,1935,7,2007,11,19.5,57.7,-117.6,40,y,n
267,3063686,LAC_LA_BICHE,ALTA,1944,5,2019,12,27.2,54.7,-112,56,y,n
268,3023722,LACOMBE,ALTA,1907,12,2019,12,0.5,52.4,-113.7,86,y,y
269,3053760,LAKE_LOUISE,ALTA,1915,1,2007,11,4,51.4,-116.2,152,n,n
270,3033890,LETHBRIDGE,ALTA,1902,1,2019,12,4.6,49.7,-112.7,91,y,y
271,3033875,LETHBRIDGE_A,ALTA,1938,1,2019,12,1,49.6,-112.8,92,y,n
272,3044232,MASINASIN,ALTA,1981,9,2019,12,4.8,49.1,-111.6,94,y,n
273,3034485,MEDICINE_HAT,ALTA,1883,8,2019,12,0.6,50,-110.7,71,y,y
274,3054843,NORDEGG,ALTA,1960,9,2019,12,9.4,52.5,-116,133,y,y
275,3044923,ONEFOUR_CDA,ALTA,1928,5,2019,12,4.1,49.1,-110.4,93,y,y
276,3024925,OLDS,ALTA,1914,4,2019,12,3.2,51.7,-114,104,y,n
277,3075041,PEACE_RIVER,ALTA,1907,8,2019,12,18.5,56.2,-117.4,57,y,y
278,3055119,PEKISKO,ALTA,1905,7,2019,12,12.5,50.3,-114.4,141,y,y
279,3035198,PINCHER_CREEK,ALTA,1893,8,2019,12,6.6,49.5,-114,119,y,n
280,3015401,RANFURLY,ALTA,1905,1,2019,12,0.5,53.4,-111.7,68,y,y
281,3025441,RED_DEER,ALTA,1904,7,2013,3,20.8,52.3,-113.8,84,y,n
282,3025481,RED_DEER_A,ALTA,1938,2,2019,12,0.3,52.1,-113.9,90,y,n
283,3015523,ROCKY_MTN_HOUSE,ALTA,1915,8,2019,12,4.7,52.4,-114.9,98,y,y
284,3025768,SCHULER,ALTA,1981,11,2019,12,2.5,50.3,-110,80,y,n
285,3075937,SIMONETTE,ALTA,1973,10,2018,3,13,54.4,-117.7,88,n,y
286,3010979,SION,ALTA,1908,1,2019,12,9.3,53.9,-113.9,71,y,n
287,3065997,SLAVE_LAKE,ALTA,1922,8,2019,12,10.8,55.3,-114.7,58,y,y
288,3016124,STETTLER_NORTH,ALTA,1918,9,2019,12,5.1,52.3,-112.6,79,y,n
289,3036240,SUFFIELD_A,ALTA,1950,4,2008,12,0.4,50.2,-111.1,77,n,n
290,3032550,TABER,ALTA,1948,1,2019,12,3.6,49.8,-112,83,y,n
291,3026479,THREE_HILLS,ALTA,1921,2,2019,12,7.2,51.7,-113.2,85,y,n
292,3036682,VAUXHALL,ALTA,1913,10,2019,12,13.2,50,-112.1,77,y,n
293,3016GF0,VEGREVILLE,ALTA,1940,4,2019,12,17.4,53.5,-112.1,63,y,n
294,3016841,VIKING,ALTA,1923,6,2019,12,12.9,53.1,-111.7,71,y,n
295,3016965,WASTINA_HEMARUKA,ALTA,1913,3,1981,9,11.2,51.6,-111.1,76,y,n
296,3056214,WATERTON_PARK_GATE,ALTA,1966,6,2019,12,14.2,49.1,-113.8,128,y,n
297,3017282,WETASKIWIN,ALTA,1902,11,2019,12,7.5,52.9,-113.4,77,y,n
298,3067373,WHITECOURT,ALTA,1942,12,2018,10,1.2,54.1,-115.7,78,y,n
299,3067371,WHITECOURT_LO,ALTA,1940,5,2016,4,50.4,54.1,-115.7,78,y,n
300,4020020,ABBEY,SASK,1956,5,2008,1,14.6,50.7,-108.7,69,n,n
301,4020160,ANEROID,SASK,1922,2,2005,4,3.1,49.7,-107.3,75,n,n
302,4020286,ASSINIBOIA,SASK,1915,6,2019,12,24.6,49.7,-105.9,72,y,n
303,4020560,BEECHY,SASK,1926,1,2019,12,3.6,50.8,-107.3,66,n,n
304,4040600,BIGGAR,SASK,1917,4,2005,3,5,52,-107.9,67,n,n
305,4010811,BRATT_S_LAKE_CLIMATE,SASK,2005,11,2019,12,3.4,50.2,-104.7,58,n,y
306,4010879,BROADVIEW,SASK,1936,4,2019,12,1.6,50.3,-102.5,60,y,n
307,4060983,BUFFALO_NARROWS,SASK,1962,1,2019,12,4.6,55.8,-108.4,44,y,y
308,4014913,CARLYLE,SASK,1923,5,2004,7,2.7,49.6,-102.1,63,y,n
309,4015867,CARON,SASK,1915,1,2001,9,10.1,50.4,-106,61,y,n
310,4011441,CEYLON,SASK,1940,4,2002,12,7.3,49.3,-104.6,75,y,n
311,4021520,CHAPLIN,SASK,1893,1,1995,9,4.6,50.4,-106.6,67,n,n
312,4021600,CODERRE,SASK,1948,4,2008,1,17.1,50.1,-106.3,68,n,n
313,4061629,COLLINS_BAY,SASK,1972,9,2018,4,7.9,58.1,-103.7,49,y,n
314,40318MN,CORONACH,SASK,1961,7,2019,12,2.1,49,-105.4,75,y,n
315,4011846,COTE,SASK,1907,8,2006,3,8.7,51.5,-101.7,45,y,n
316,4011980,CUPAR,SASK,1955,11,2018,10,4.8,50.8,-104.2,55,n,n
317,4031999,CYPRESS_HILLS,SASK,1981,5,2019,12,0.8,49.6,-109.5,127,y,n
318,4012130,DAVIDSON,SASK,1922,6,2008,3,7.8,51.4,-105.8,64,y,n
319,4052280,DUNDURN,SASK,1923,5,1985,3,3.1,51.8,-106.5,52,n,n
320,4022328,EASTLEIGH,SASK,1958,9,2007,11,3.5,50.2,-106.1,70,n,n
321,4022359,ELBOW,SASK,1933,4,2019,12,17.4,51.1,-106.5,59,y,n
322,4012410,ESTEVAN,SASK,1900,6,2019,12,15,49.2,-102.9,58,y,y
323,4012600,FORT_QU'APPELLE,SASK,1911,11,1973,4,12.7,50.7,-103.8,48,n,n
324,4022960,GRAVELBOURG,SASK,1921,11,1994,10,5,49.8,-106.5,70,n,n
325,4083324,HUDSON_BAY,SASK,1943,3,2019,12,1,52.8,-102.3,35,y,y
326,4013480,INDIAN_HEAD,SASK,1889,9,2019,12,0.9,50.5,-103.6,57,n,y
327,4063605,ISLAND_FALLS,SASK,1929,9,2019,12,1.9,55.5,-102.3,29,y,y
328,4013660,KELLIHER,SASK,1908,1,2019,12,6.4,51.2,-103.7,67,y,n
329,4063753,KEY_LAKE,SASK,1976,10,2019,12,2.5,57.2,-105.6,51,y,y
330,4043901,KINDERSLEY,SASK,1912,8,2019,12,12.1,51.5,-109.1,69,y,y
331,4014040,KIPLING,SASK,1950,4,2019,12,2.2,50.2,-102.7,67,n,n
332,4032322,KLINTONEL,SASK,1910,5,2019,12,3.2,49.4,-108.9,108,y,n
333,4064149,LA_RONGE,SASK,1923,9,2019,12,26.5,55.1,-105.2,37,y,y
334,4014156,LAST_MOUNTAIN_CS,SASK,1975,5,2019,12,3.3,51.4,-105.2,49,n,n
335,402DAF0,LEADER,SASK,1924,1,2019,12,10.9,50.9,-109.5,67,y,n
336,4064620,LOON_LAKE,SASK,1930,1,2019,12,19.4,54,-109.1,54,y,y
337,4014720,LUMSDEN,SASK,1923,5,1994,7,2.4,50.6,-104.8,49,n,n
338,4034910,MANKOTA,SASK,1962,10,2019,12,9.1,49.1,-107,83,n,y
339,4024919,MAPLE_CREEK,SASK,1921,7,2019,12,2.7,49.9,-109.4,76,y,y
340,406N0NM,MEADOW_LAKE,SASK,1967,8,2019,12,1.1,54.1,-108.5,48,y,n
341,4055079,MELFORT,SASK,1901,10,2019,12,5.3,52.8,-104.6,49,y,n
342,4015159,MIDALE,SASK,1923,5,2014,9,2.5,49.3,-103.3,58,y,n
343,4015322,MOOSE_JAW,SASK,1894,3,2019,12,6.8,50.3,-105.5,57,y,y
344,4015360,MOOSOMIN,SASK,1941,4,2000,9,3.9,50.1,-101.6,57,n,n
345,4015440,MUENSTER,SASK,1904,6,2019,12,4,52.3,-105,58,n,n
346,4035480,NASHLYN,SASK,1911,5,1979,1,4.3,49.2,-109.5,94,n,n
347,407N51G,NIPAWIN,SASK,1911,5,2019,12,1.1,53.3,-104,37,y,n
348,4015560,NOKOMIS,SASK,1923,5,2008,2,2.5,51.5,-105,52,n,n
349,4045607,NORTHBATTLEFORD,SASK,1891,1,2019,12,0.5,52.7,-108.2,54,y,y
350,4055736,OUTLOOK,SASK,1915,2,2019,12,2.3,51.4,-107,54,y,n
351,4015960,PASWEGIN,SASK,1963,9,2003,9,0.7,51.9,-103.9,53,n,n
352,4086001,PELLY,SASK,1951,7,2019,4,8.6,51.7,-101.9,49,y,n
353,4056121,PILGER,SASK,1911,10,2019,12,9.6,52.4,-105.1,55,y,y
354,4038740,POPLAR_RIVER,SASK,1956,10,2002,6,8.9,49,-106.3,87,n,n
355,4056243,PRINCE_ALBERT,SASK,1884,9,2019,12,1.1,53.2,-105.6,42,y,y
356,4016322,QU'APPELLE,SASK,1877,11,2019,12,9,50.5,-103.9,66,y,n
357,4016699,REGINA,SASK,1898,1,2019,12,0.5,50.4,-104.6,57,y,y
358,4036844,ROCKGLEN_(AUT),SASK,1970,12,2019,12,31.9,49.1,-105.9,91,n,y
359,4046884,ROSETOWN,SASK,1937,4,2019,12,2.1,51.5,-107.9,58,y,n
360,4057165,SASKATOON,SASK,1900,2,2019,12,0.5,52.1,-106.7,50,y,y
361,4047240,SCOTT,SASK,1911,5,2019,12,0.5,52.3,-108.8,66,n,n
362,4017320,SEMANS,SASK,1923,5,1994,6,11.1,51.4,-104.7,56,n,n
363,4027485,SHAUNAVON,SASK,1915,6,2003,10,2.7,49.6,-108.4,91,y,n
364,4067799,STONY_RAPIDS,SASK,1986,7,2019,12,1.1,59.2,-105.8,24,y,n
365,4028038,SWIFT_CURRENT,SASK,1885,12,2019,12,0.4,50.3,-107.6,81,y,n
366,4028060,SWIFT_CURRENT_CDA,SASK,1959,1,2019,12,0.6,50.2,-107.7,82,n,y
367,4018160,TUGASKE,SASK,1923,6,2009,1,0.8,50.8,-106.3,60,n,n
368,406QLD0,URANIUM_CITY,SASK,1953,1,2019,12,19.1,59.5,-108.4,31,y,y
369,4038412,VAL_MARIE,SASK,1937,4,2019,12,13.5,49,-107.5,79,y,n
370,4048521,WASECA,SASK,1907,7,2019,12,1.1,53.1,-109.4,64,y,y
371,4068559,WASKESIU_LAKE,SASK,1966,1,2019,12,4.8,53.9,-106,56,y,y
372,4018642,WATROUS,SASK,1953,2,2019,12,0.6,51.6,-105.4,52,y,y
373,401HP5R,WEYBURN,SASK,1953,1,2019,12,0.7,49.7,-103.8,58,y,n
374,4067655,WHITESAND-SOUTHEND,SASK,1938,1,2019,12,2.6,56.3,-103.2,34,y,n
375,4018880,WHITEWOOD,SASK,1915,1,2008,3,6.8,50.3,-102.2,59,n,n
376,40190LN,WYNYARD,SASK,1939,7,2019,12,29.6,51.7,-104.2,56,y,n
377,4019041,YELLOW_GRASS,SASK,1911,8,2019,12,3.8,49.8,-104.1,57,y,y
378,4019073,YORKTON,SASK,1941,5,2019,12,0.9,51.2,-102.4,49,y,y
379,5020040,ALTONA,MAN,1949,4,2008,7,8,49.1,-97.5,24,n,n
380,5030080,ARBORG,MAN,1960,11,2016,6,1.3,50.9,-97,22,n,n
381,5030203,BERENS_RIVER,MAN,1905,1,2019,12,23.2,52.3,-97,22,y,y
382,5010240,BIRTLE,MAN,1904,6,2000,6,13.1,50.4,-101,52,n,n
383,5010490,BRANDON,MAN,1890,1,2019,12,0.5,49.9,-99.9,40,y,y
384,5060520,BROCHET,MAN,1948,8,2009,9,19.7,57.8,-101.6,34,n,n
385,5010547,CARBERRY,MAN,1962,7,2019,12,15.2,49.9,-99.3,38,y,n
386,502I001,CARMAN,MAN,1990,8,2019,12,1,49.5,-98,26,y,n
387,5060608,CHURCHILL,MAN,1932,1,2019,12,0.7,58.7,-94,2,y,y
388,5060623,CROSS_LAKE_JENPEG,MAN,1972,5,2017,11,2.9,54.5,-98,21,n,y
389,5010641,CYPRESS_RIVER,MAN,1949,1,2019,12,0.9,49.5,-99,37,y,y
390,5040681,DAUPHIN,MAN,1903,1,2019,12,5,51.1,-100,30,y,y
391,5020725,DEERWOOD_RCS,MAN,1952,1,2019,10,6.2,49.4,-98.3,34,y,y
392,5020881,EMERSON,MAN,1918,4,2019,12,14.5,49,-97.2,24,y,n
393,50309J6,FISHER_BRANCH,MAN,1977,7,2019,12,5,51,-97.5,25,y,n
394,5050919,FLIN_FLON,MAN,1927,2,2019,12,3.2,54.6,-101.6,30,y,n
395,5040985,GILBERT_PLAINS,MAN,1958,11,2016,6,4.1,51.1,-100.4,40,n,n
396,5061022,GILLAM,MAN,1943,3,2019,12,7.2,56.3,-94.7,14,y,y
397,5031042,GIMLI,MAN,1944,3,2019,12,3.3,50.6,-97,23,y,y
398,5031A10,GRAND_RAPIDS,MAN,1960,7,2019,12,4.4,53.1,-99.2,22,y,y
399,5031201,GREAT_FALLS,MAN,1922,9,2019,12,5.2,50.5,-95.9,25,y,y
400,5021220,GRETNA_(AUT),MAN,1960,1,2019,12,44.2,49,-97.5,25,n,n
401,5011241,HAMIOTA,MAN,1914,11,2002,6,15.7,50.1,-100.6,52,y,n
402,5031320,INDIAN_BAY,MAN,1915,4,2019,12,1.2,49.6,-95.2,32,n,n
403,5061375,ISLAND_LAKE_A,MAN,1970,12,2019,8,2.2,53.8,-94.6,23,y,y
404,5061649,LYNN_LAKE,MAN,1952,4,2019,12,5.4,56.8,-101,35,y,y
405,5043158,MCCREARY,MAN,1971,5,2019,12,0.8,50.7,-99.5,35,n,n
406,501A7AR,MELITA,MAN,1933,1,2019,12,6.7,49.2,-100.9,44,y,y
407,5042004,MINNEDOSA,MAN,1880,12,2008,11,9.8,50.1,-99.5,41,y,n
408,5021849,MORDEN_EXP_FARM,MAN,1904,3,2019,12,1.3,49.1,-98,29,y,y
409,5021920,MORRIS,MAN,1915,9,1987,10,7.7,49.3,-97.3,23,n,n
410,50220M0,NINETTE,MAN,1911,12,1996,5,6.4,49.4,-99.6,41,y,n
411,5062040,NORWAY_HOUSE,MAN,1897,1,2019,12,25.4,53.9,-97.8,22,y,n
412,5022125,PILOT_MOUND,MAN,1938,4,2019,12,17.1,49.1,-98.9,47,y,n
413,503B1ER,PINAWA,MAN,1915,6,2019,12,0.7,50.1,-96,26,y,n
414,5012322,PORTAGE_LA_PRAIRIE,MAN,1886,1,1996,7,16.2,49.9,-98.3,26,y,n
415,5012324,PORTAGE_SOUTHPORT,MAN,1941,7,2019,12,10.7,49.9,-98.2,27,y,n
416,5012469,ROBLIN,MAN,1969,11,2019,12,9.3,51.1,-101.3,54,y,n
417,5012520,RUSSELL,MAN,1883,9,1990,10,21.4,50.7,-101.2,56,n,n
418,5012654,SHOAL_LAKE_CS,MAN,1962,6,2019,12,1.3,50.4,-100.6,56,y,n
419,5022759,SPRAGUE,MAN,1915,9,2019,12,1.2,49,-95.6,32,y,y
420,504K80K,SWAN_RIVER,MAN,1959,4,2019,12,5.5,52.1,-101.2,33,y,y
421,5052890,THE_PAS,MAN,1910,6,2019,12,1.1,53.9,-101.1,27,y,y
422,5062921,THOMPSON,MAN,1967,4,2019,12,0.4,55.8,-97.8,22,y,y
423,5012960,VIRDEN,MAN,1890,10,2005,3,32.9,49.8,-100.9,44,n,n
424,5013117,WASAGAMING,MAN,1966,3,2019,12,8,50.6,-99.9,62,n,n
425,502S001,WINNIPEG,MAN,1872,3,2019,12,0.5,49.9,-97.2,23,y,y
426,6130257,AMHERSTBURG,ONT,1988,7,2019,12,4.7,42.1,-83.1,18,n,n
427,6040325,ARMSTRONG,ONT,1953,1,2019,12,20.2,50.3,-88.9,32,n,n
428,6020LPQ,ATIKOKAN,ONT,1917,1,2019,12,5.7,48.7,-91.6,38,y,y
429,6160465,BANCROFT,ONT,1905,1,1985,12,17.3,45,-77.8,32,n,n
430,6110607,BEATRICE,ONT,1877,7,2019,12,1.2,45.1,-79.4,29,y,y
431,6150689,BELLEVILLE,ONT,1921,1,2019,12,3.7,44.1,-77.4,7,n,y
432,6010740,BIG_TROUT_LAKE,ONT,1939,2,2019,12,3.4,53.8,-89.9,22,y,y
433,6060773,BISCOTASING,ONT,1914,1,2000,10,39,47.3,-82.1,40,n,n
434,616I001,BRANCROFT_AUTO,ONT,1995,6,2019,12,2.3,45,-77.8,33,n,y
435,6140954,BRANTFORD,ONT,1876,1,2013,1,14.8,43.1,-80.2,19,y,n
436,6100970,BROCKVILLE,ONT,1915,7,2019,12,1.3,44.6,-75.7,12,y,y
437,6121025,BRUCEFIELD,ONT,1903,3,1993,12,2.2,43.5,-81.5,25,n,n
438,6151061,BURLINGTON,ONT,1947,4,2019,12,6,43.3,-79.8,7,y,n
439,6041110,CAMERON_FALLS,ONT,1924,6,2019,12,3.1,49.1,-88.3,23,y,y
440,6061362,CHAPLEAU,ONT,1913,7,2018,10,7.3,47.8,-83.3,44,y,n
441,6131415,CHATHAM,ONT,1889,7,2019,9,9.4,42.3,-82.2,18,y,n
442,6111467,CHATSWORTH,ONT,1958,6,2013,10,5.4,44.4,-80.9,30,n,n
443,6071712,COCHRANE,ONT,1910,6,1993,4,5.2,49,-81,27,n,n
444,6111792,COLLINGWOOD,ONT,1881,8,2019,12,28.1,44.5,-80.2,18,y,n
445,6061850,CONISTON,ONT,1921,4,2002,10,9.2,46.4,-80.8,26,y,n
446,6101874,CORNWALL,ONT,1950,11,2019,12,2.2,45,-74.7,6,n,y
447,6081928,CRYSTAL_FALLS,ONT,1922,5,1988,1,3.4,46.4,-79.8,22,n,n
448,6131983,DELHI,ONT,1934,6,2019,12,0.6,42.8,-80.5,23,y,y
449,6032125,DRYDEN,ONT,1914,1,2019,12,2.7,49.8,-92.7,41,y,n
450,6012199,EAR_FALLS,ONT,1928,10,2019,12,16.8,50.6,-93.2,36,y,y
451,6072230,EARLTON,ONT,1938,9,2019,12,0.5,47.7,-79.8,24,y,y
452,6110,EGBERT_CS,ONT,1988,8,2019,12,1,44.2,-79.7,25,y,y
453,6142286,ELORA_RCS,ONT,1969,3,2019,12,6.5,43.6,-80.4,37,y,y
454,6142400,FERGUS_SHAND_DAM,ONT,1939,10,2019,12,1.7,43.7,-80.3,41,n,n
455,6142420,FOLDENS,ONT,1963,6,2016,6,1.1,43,-80.7,32,n,n
456,6022474,FORT_FRANCES,ONT,1917,1,2019,12,1.1,48.6,-93.4,34,y,y
457,6042717,GERALDTON,ONT,1967,11,2019,12,0.3,49.7,-86.9,34,y,y
458,6142803,GLEN_ALLAN,ONT,1958,8,2013,12,1,43.6,-80.7,40,n,n
459,6122847,GODERICH,ONT,1912,3,2019,12,3.5,43.7,-81.7,21,y,y
460,6092920,GORE_BAY,ONT,1915,10,2019,12,1.4,45.8,-82.5,18,y,y
461,6133047,GRIMSBY,ONT,1910,1,1985,8,21.2,43.2,-79.5,9,n,n
462,6143089,GUELPH,ONT,1881,5,2019,12,8.8,43.5,-80.2,32,y,n
463,6163171,HALIBURTON,ONT,1888,6,2019,12,2.5,45,-78.5,33,y,n
464,6153193,HAMILTON,ONT,1866,1,2019,12,17.3,43.1,-79.9,23,y,n
465,6133362,HARROW,ONT,1917,4,2019,12,1.1,42,-82.9,19,y,y
466,6053575,HORNEPAYNE,ONT,1917,6,1995,7,13.1,49.2,-84.7,33,y,n
467,6033690,IGNACE,ONT,1914,1,1971,1,4.1,49.4,-91.6,44,n,n
468,6073810,IROQUOIS_FALLS,ONT,1913,3,1998,12,2.5,48.7,-80.6,25,n,n
469,6042MJ7,KAKABEKA_FALLS,ONT,1908,11,2014,2,3.7,48.3,-89.6,27,y,n
470,6073980,KAPUSKASING,ONT,1918,1,2019,12,0.5,49.4,-82.4,21,y,y
471,6104027,KEMPTVILLE,ONT,1928,11,2019,12,4.3,45,-75.6,9,y,n
472,6034073,KENORA,ONT,1899,9,2019,12,2.6,49.7,-94.3,41,y,y
473,6104142,KINGSTON,ONT,1872,7,2019,12,9.8,44.2,-76.6,9,y,n
474,6074211,KIRKLAND,ONT,1950,2,2019,12,6.7,48.1,-80,32,y,n
475,6147188,KITCHENER,ONT,1914,10,2019,11,1.9,43.3,-80.4,32,y,n
476,6054425,LAKE_SUPERIOR_PROVIN,ONT,2013,11,2019,12,4,47.7,-84.8,40,n,y
477,6014353,LANSDOWNE_HOUSE,ONT,1941,3,2019,12,7.5,52.2,-87.9,25,y,y
478,6134190,LEAMINGTON,ONT,1916,3,2019,12,1.5,42,-82.6,20,y,n
479,6144478,LONDON,ONT,1883,3,2019,12,0.6,43,-81.1,27,y,y
480,6124700,LUCKNOW,ONT,1886,6,1993,12,1.3,43.9,-81.5,29,n,n
481,6080192,MADAWASKA,ONT,1915,8,2019,12,4.3,45.5,-78.2,39,y,n
482,6155183,MILLGROVE,ONT,1951,3,2006,4,4.7,43.3,-79.9,25,n,n
483,6165195,MINDEN,ONT,1956,2,2011,9,0.3,44.9,-78.7,27,n,n
484,6025205,MINE_CENTRE,ONT,1915,2,2019,12,3.1,48.7,-92.6,36,y,n
485,6075379,MONTREAL_RIVER,ONT,1910,12,1967,10,1.2,47.1,-79.4,18,n,n
486,6075435,MOOSONEE,ONT,1877,10,2019,12,11.4,51.3,-80.6,0,y,y
487,6105460,MORRISBURG,ONT,1913,6,2008,12,0.7,44.9,-75.1,8,n,n
488,6145504,MOUNT_FOREST,ONT,1915,7,2019,12,20.1,43.9,-80.7,41,y,n
489,6115529,MUSKOKA,ONT,1953,1,2019,12,0.6,44.9,-79.3,28,y,n
490,6075543,NAGAGAMI_(AUT),ONT,1992,12,2019,12,8.7,49.7,-84.1,26,n,y
491,6135583,NEW_GLASGOW,ONT,1957,7,2019,12,0.8,42.5,-81.6,19,n,n
492,6135657,NIAGARA_FALLS,ONT,1942,7,2011,6,12.5,43.1,-79,17,y,n
493,6085680,NORTH_BAY,ONT,1925,1,2019,12,0.7,46.3,-79.4,37,y,y
494,6155790,ORANGEVILLE,ONT,1961,6,2015,12,1.3,43.9,-80,41,n,n
495,6111769,ORILLIA,ONT,1892,7,2019,12,19.6,44.6,-79.5,28,y,n
496,6155878,ORONO,ONT,1923,4,2019,12,2.2,43.8,-78.8,8,y,n
497,6105978,OTTAWA,ONT,1889,11,2019,12,0.5,45.3,-75.7,7,y,y
498,6116132,OWEN_SOUND,ONT,1878,7,2007,12,8.9,44.5,-80.9,17,y,n
499,6116257,PARRY_SOUND,ONT,1875,11,2019,12,10.6,45.3,-80,17,y,n
500,6016295,PEAWANUCK_(AUT),ONT,1994,6,2019,12,4.9,54.9,-85.4,5,n,y
501,6136335,PELEE_ISLAND,ONT,1889,10,1987,8,13.6,41.7,-82.6,17,n,n
502,6106367,PEMBROKE_CLIMATE,ONT,1866,2,2019,12,25.2,45.8,-77.2,16,y,y
503,6106396,PETAWAWA,ONT,1931,5,2019,12,16,45.9,-77.3,13,y,n
504,6166415,PETERBOROUGH,ONT,1866,4,2019,12,6.6,44.2,-78.3,19,y,n
505,6166456,PETERBOROUGH_TRENT_U,ONT,2005,5,2019,12,5.9,44.3,-78.3,21,n,y
506,6016525,PICKLE_LAKE,ONT,1934,1,2019,12,14.1,51.4,-90.2,39,y,y
507,6136643,PORT_DOVER,ONT,1875,7,1983,12,5.3,42.7,-80.2,18,n,n
508,6136694,PORT_STANLEY,ONT,1874,5,1993,6,27.4,42.6,-81.2,18,n,n
509,6046768,PUKASKWA,ONT,1948,7,2019,12,8,48.6,-86.2,19,y,y
510,6036907,RAWSON_LAKE,ONT,1969,6,2019,12,5,49.6,-93.7,43,y,n
511,6016970,RED_LAKE,ONT,1965,1,2018,10,0.7,51,-93.8,38,y,n
512,6137154,RIDGETOWN,ONT,1924,1,2019,12,1.3,42.4,-81.8,20,y,y
513,6127519,SARNIA,ONT,1968,1,2019,12,4,43,-82.3,18,y,y
514,6057591,SAULT_STE_MARIE,ONT,1945,6,2019,12,3.7,46.4,-84.5,19,y,y
515,6047627,SCHREIBER,ONT,1909,3,1975,5,3.2,48.8,-87.2,30,n,n
516,6137730,SIMCOE,ONT,1920,7,1986,12,4.4,42.8,-80.2,24,y,n
517,6037776,SIOUX_LOOKOUT,ONT,1914,1,2019,12,1.9,50.1,-91.9,38,y,y
518,6077845,SMOKY_FALLS,ONT,1933,10,1997,4,3.1,50,-82.1,18,n,n
519,6124127,SOUTHAMPTON,ONT,1873,11,2019,12,2.5,44.1,-81.6,20,y,n
520,6136699,ST_CATHARINES,ONT,1911,1,2019,12,17,43.2,-79.2,7,y,n
521,6137362,ST_THOMAS,ONT,1925,10,2019,12,1.9,42.7,-81.2,20,y,n
522,6148105,STRATFORD,ONT,1865,1,2016,10,9.2,43.3,-81,34,y,n
523,6068145,SUDBURY,ONT,1947,9,2019,12,2,46.6,-80.8,34,y,y
524,6048268,THUNDER_BAY,ONT,1877,7,2019,12,0.5,48.3,-89.3,19,y,y
525,6078282,TIMMINS,ONT,1922,4,2019,12,0.5,48.5,-81.3,29,y,y
526,6128330,TOBERMORY,ONT,1914,2,2019,12,9.5,45.2,-81.6,21,y,y
527,6158355,TORONTO,ONT,1840,3,2019,12,0.3,43.6,-79.4,11,y,y
528,6158410,TORONTO_BUTTONVILLE,ONT,1974,7,2019,1,0.9,43.8,-79.3,19,y,n
529,6158520,TORONTO_ELLESMERE,ONT,1895,11,1994,12,3,43.7,-79.2,16,y,n
530,6158731,TORONTO_INTL_A,ONT,1937,11,2019,12,0.6,43.6,-79.6,17,y,n
531,6158359,TORONTO_ISLAND_CITY,ONT,1953,5,2019,12,1,43.6,-79.4,7,y,n
532,6158875,TRENTON,ONT,1935,1,2019,12,3.3,44.1,-77.5,8,n,n
533,6068980,TURBINE,ONT,1914,6,1990,3,2,46.3,-81.5,20,n,n
534,6159125,UXBRIDGE,ONT,1905,3,1981,1,9.6,44.1,-79,27,y,n
535,6139148,VINELAND,ONT,1924,9,2019,12,2.9,43.1,-79.4,7,y,y
536,6113329,WALKERTON,ONT,1915,7,2008,9,2.1,44.1,-81,27,y,n
537,6139265,WALLACEBURG,ONT,1905,9,1997,4,12,42.5,-82.4,17,n,n
538,6059407,WAWA,ONT,1940,3,2018,10,5.9,47.9,-84.7,28,y,n
539,6139449,WELLAND,ONT,1872,10,2019,12,6,42.9,-79.3,17,y,y
540,6059475,WHITE_RIVER,ONT,1888,12,1976,2,1,48.6,-85.2,37,n,n
541,6119499,WIARTON,ONT,1953,1,2019,12,0.6,44.7,-81.1,22,y,n
542,6119511,WILDER_LAKE,ONT,1947,11,2009,1,5.7,44.1,-80.7,39,y,n
543,6139527,WINDSOR,ONT,1940,8,2018,11,0.3,42.2,-82.9,19,y,n
544,6159575,WOODBRIDGE,ONT,1948,10,2005,5,4.2,43.7,-79.6,16,n,n
545,6149625,WOODSTOCK,ONT,1871,11,2019,12,2.3,43.1,-80.7,28,n,n
546,7060080,ALBANEL,QUE,1922,6,1991,1,3.6,48.8,-72.4,15,n,n
547,709CEE9,AMOS_LacBerry,QUE,1913,6,2019,10,5,48.8,-78.2,30,y,n
548,7050145,AMQUI,QUE,1957,3,2019,7,10.4,48.4,-67.4,16,y,n
549,7030170,ANGERS,QUE,1966,1,2019,10,4.2,45.5,-75.5,9,n,n
550,7050200,ANTICOSTI_SW_POINT,QUE,1880,5,1954,10,0.9,49.4,-63.5,0,n,n
551,7050240,ARMAGH,QUE,1916,6,1994,5,23.3,46.7,-70.5,35,n,n
552,703GDKB,ARUNDEL,QUE,1963,12,2019,12,3,46,-74.5,23,y,n
553,7060400,BAGOTVILLE,QUE,1880,10,2019,12,6.7,48.3,-71,15,y,n
554,7040442,BAIE_COMEAU,QUE,1965,1,2019,12,3.6,49.1,-68.2,2,y,y
555,7070454,BARRAGE_GOUIN,QUE,1914,3,1982,12,4.2,48.3,-74.1,40,n,n
556,7027283,BEAUCEVILLE,QUE,1913,8,2019,10,2.3,46.1,-70.7,16,y,n
557,7020567,BEAUSEJOUR,QUE,1975,8,2019,10,2.3,46.6,-71.1,10,n,n
558,7080600,BELLETERRE,QUE,1951,9,2004,4,8.7,47.3,-78.7,32,n,n
559,7010720,BERTHIERVILLE,QUE,1919,8,1995,5,1.2,46,-73.1,1,n,n
560,7050762,BIC,QUE,1921,5,1985,1,6.3,48.4,-68.6,2,y,n
561,7060826,BONNARD,QUE,1961,9,2019,12,6.1,50.7,-71,49,y,n
562,7020840,BROME,QUE,1890,9,2014,7,5.9,45.1,-72.5,20,n,n
563,7020860,BROMPTONVILLE,QUE,1957,6,2019,10,7.6,45.4,-71.9,13,n,n
564,705S002,CAP_CHAT,QUE,1934,5,2019,12,5,49.1,-66.6,0,y,n
565,7051163,CAP_MADELEINE,QUE,1939,2,2019,12,2.8,49.2,-65.3,2,y,y
566,7051200,CAUSAPSCAL,QUE,1913,11,2019,10,7.9,48.3,-67.2,16,n,n
567,7091299,CHAPAIS,QUE,1962,5,2019,12,7,49.8,-74.9,38,y,n
568,7031315,CHARTERIS,QUE,1980,5,2019,10,11.8,45.6,-76.4,16,n,n
569,7031360,CHELSEA,QUE,1927,9,2019,10,4.1,45.5,-75.7,11,n,n
570,7091410,CHIBOUGAMAU,QUE,1885,1,2019,12,26,49.7,-74.5,38,y,n
571,7021840,COATICOOK,QUE,1949,9,2019,10,3.5,45.1,-71.8,25,n,n
572,7022000,DISRAELI,QUE,1911,1,1991,5,7.2,45.9,-71.3,35,n,n
573,7011983,DONNACONA,QUE,1918,7,2019,12,9.4,46.6,-71.9,6,y,n
574,7022160,DRUMMONDVILLE,QUE,1913,11,2018,10,3.7,45.8,-72.4,8,n,y
575,7022320,FARNHAM,QUE,1917,6,2019,10,14.4,45.3,-72.9,6,n,n
576,7022375,FLEURY,QUE,1967,1,2019,10,2.3,45.8,-73,3,n,n
577,7042395,FORET_MONTMORENCY_RC,QUE,1965,7,2019,12,6.9,47.3,-71.1,67,y,y
578,7022494,FORTIERVILLE,QUE,1973,1,2019,10,2.5,46.4,-72,5,n,n
579,7052601,GASPE,QUE,1916,1,2019,12,11,48.7,-64.4,3,y,y
580,7046059,GRANDES_BERGERONNES,QUE,1913,11,2019,12,7.5,48.1,-69.7,0,y,y
581,7022800,GRANBY,QUE,1948,6,2019,10,12.1,45.3,-72.7,17,n,n
582,7043019,HAVRE_ST_PIERRE,QUE,1964,5,2019,12,3.3,50.2,-63.6,3,y,n
583,7023075,HEMMINGFORD_FOUR,QUE,1960,7,2019,10,5,45,-73.7,6,n,n
584,7033160,HUBERDEAU,QUE,1913,11,1980,2,3.5,45.9,-74.6,21,n,n
585,7053250,ILES_MADELEINE,QUE,1933,9,2018,10,2.3,47.4,-61.7,1,y,n
586,710S005,INUKJUAK,QUE,1921,11,2019,12,7,58.4,-78,2,y,y
587,7014160,JOLIETTE,QUE,1914,1,2019,12,3.4,45.8,-73.4,2,y,n
588,7113535,KUUJJUAQ,QUE,1947,3,2019,12,0.5,58,-68.4,4,y,y
589,7103539,KUUJJUARAPIK,QUE,1925,10,2019,12,8.1,55.3,-77.5,3,y,y
590,7093GJ5,LA_GRANDE_IV,QUE,1985,12,2019,12,21.1,53.7,-73.6,30,y,y
591,7093716,LA_GRANDE_RIVIERE,QUE,1976,10,2019,12,0.5,53.6,-77.7,19,y,y
592,7033939,LA_MACAZA,QUE,1956,10,2019,10,6.6,46.3,-74.7,24,y,n
593,7043960,LA_MALBAIE,QUE,1915,7,2004,4,13,47.6,-70.1,2,n,n
594,7054096,LA_POCATIERE,QUE,1913,1,2019,12,0.9,47.3,-70,3,y,y
595,7086716,LA_SARRE,QUE,1951,9,2019,12,9.6,48.2,-79,31,y,n
596,707DBD4,LA_TUQUE,QUE,1911,9,2019,12,6.4,47.4,-72.7,16,y,y
597,7043540,LABRIEVILLE,QUE,1955,1,1994,12,7.7,49.3,-69.5,15,n,n
598,7063560,LAC_BOUCHETTE,QUE,1949,8,2015,9,3.5,48.2,-72.1,35,n,n
599,704C64L,LAC_EON,QUE,1992,12,2019,12,23.3,51.8,-63.2,58,n,y
600,7053649,LAC_HUMQUI,QUE,1972,12,2019,10,2.4,48.2,-67.5,23,n,n
601,7065012,LAC_STE_CROIX,QUE,1958,7,2019,12,3.3,48.6,-71.7,11,y,n
602,7033650,LACHUTE,QUE,1963,1,2019,10,1.2,45.6,-74.3,9,n,n
603,7024000,LAMBTON,QUE,1915,5,1994,5,11.7,45.8,-71,36,n,n
604,7024254,LAUZON,QUE,1978,12,2019,10,3.9,46.8,-71.1,6,n,n
605,7094275,LEBEL_QUEVILLON,QUE,1967,1,2004,4,30.8,49,-76.9,30,n,n
606,7024280,LENNOXVILLE,QUE,1915,1,2019,12,1.3,45.3,-71.8,18,n,y
607,7044288,LES_BUISSONS,QUE,1963,4,2019,10,28.4,49.1,-68.3,1,y,n
608,7014290,LES_CEDRES,QUE,1913,2,2019,10,4.1,45.3,-74,4,n,n
609,7040815,LOURDES_DE_BLANC_SA_,QUE,1982,8,2019,12,1.6,51.4,-57.1,3,y,n
610,7034365,LUSKVILLE,QUE,1980,11,2019,10,2.5,45.5,-76,6,n,n
611,7034395,LYTTON,QUE,1927,1,1994,5,2.2,46.6,-76,21,y,n
612,7025251,MACDONALD_COLL,QUE,1906,5,2019,12,8.1,45.4,-73.7,3,y,n
613,7024440,MAGOG,QUE,1949,11,2019,10,5.1,45.2,-72.1,27,n,n
614,7034482,MANIWAKI,QUE,1914,6,2019,12,4.9,46.2,-76,20,y,y
615,7094637,MATAGAMI,QUE,1973,10,2019,12,7.6,49.7,-77.8,28,y,y
616,7024920,MILAN,QUE,1949,10,2015,10,2.9,45.5,-71.1,48,n,n
617,7055122,MONT_JOLI,QUE,1875,10,2019,12,0.6,48.6,-68.2,5,y,y
618,7035160,MONT_LAURIER,QUE,1920,7,2014,6,7.2,46.5,-75.5,24,y,n
619,7024745,MONTREAL_TAVISH,QUE,1871,7,2019,12,2.8,45.5,-73.5,7,y,n
620,702S006,MONTREAL__TRUDEAU_IN,QUE,1953,1,2019,12,0.5,45.4,-73.7,3,y,y
621,7045401,NATASHQUAN,QUE,1914,10,2019,12,4.1,50.1,-61.8,1,y,y
622,7055422,NEW_CARLISLE,QUE,1963,1,2019,12,17.8,48,-65.3,4,y,n
623,7025442,NICOLET,QUE,1913,11,2019,12,2.9,46.2,-72.6,0,y,n
624,7035520,NOMININGUE,QUE,1913,11,2013,11,8,46.4,-75,27,n,n
625,7065639,NORMANDIN,QUE,1936,7,2019,12,2.6,48.8,-72.5,13,y,y
626,7035680,NOT__DAME_DU_LAUS,QUE,1929,5,1991,5,1.5,46.1,-75.6,21,n,n
627,7015730,OKA,QUE,1937,8,2019,10,7.3,45.5,-74,9,n,n
628,7025745,ORMSTOWN,QUE,1963,7,2019,10,1.1,45.1,-74,4,n,n
629,7115800,PARC_NATIONAL_DES_PI,QUE,2009,10,2019,12,16.2,61.3,-73.6,50,n,y
630,7075800,PARENT,QUE,1943,7,2019,12,23.3,47.9,-74.6,44,y,y
631,7036063,POINTE_AU_CHENE,QUE,1958,11,2009,6,8.5,45.6,-74.8,5,n,n
632,7056120,PORT_DANIEL,QUE,1927,1,2004,4,16.5,48.1,-64.9,6,n,n
633,7066080,PORTAGE_DES_ROCHES,QUE,1926,1,1984,6,0.5,48.3,-71.2,16,n,n
634,7056240,PRICE,QUE,1931,9,1985,1,1.6,48.6,-68.1,7,n,n
635,7116270,QUAQTAQ,QUE,1943,1,1988,5,12,61,-69.6,3,y,n
636,701S001,QUEBEC,QUE,1875,8,2019,12,0.5,46.8,-71.3,6,y,y
637,7026465,RICHMOND,QUE,1973,7,2019,10,3.4,45.6,-72.1,12,n,n
638,7056068,RIMOUSKI,QUE,1952,12,2019,12,2.8,48.5,-68.4,0,y,n
639,7116505,RIVIERE_AUX_FEUILLES,QUE,2006,4,2019,12,10.5,57.9,-72.9,17,n,y
640,7026612,RIVIERE_DES_PRAIRIE,QUE,1973,1,2019,10,3.1,45.7,-73.5,0,n,n
641,7016675,RIVIERE_VERTE_OU,QUE,1966,1,2019,10,4.2,46.9,-71.8,21,n,n
642,7066686,ROBERVAL,QUE,1914,1,2019,12,9.2,48.5,-72.2,17,y,n
643,7027470,SAINT_GERMAIN_DE_GAN,QUE,2008,10,2019,12,2.2,45.8,-72.5,8,n,y
644,7057567,SAINT_MICHEL,QUE,1978,9,2019,10,3.3,46.8,-70.8,6,n,n
645,7077571,SAINT_MICHEL_DES_SAI,QUE,2009,10,2019,12,8.2,46.8,-74.1,43,n,y
646,7027802,SAWYERVILLE_NORD,QUE,1961,10,2019,10,4.3,45.3,-71.5,34,n,n
647,7117823,SCHEFFERVILLE,QUE,1948,8,2019,12,2.1,54.8,-66.8,52,y,y
648,7027840,SCOTT,QUE,1950,11,2019,10,4,46.5,-71,14,n,n
649,7047914,SEPT_ILES,QUE,1944,9,2019,12,0.5,50.2,-66.2,5,y,y
650,7018001,SHAWINIGAN,QUE,1902,7,2019,12,8.2,46.5,-72.7,11,y,n
651,7028123,SHERBROOKE,QUE,1923,5,2019,12,8.2,45.4,-71.6,24,y,n
652,7068160,SHIPSHAW,QUE,1921,9,1993,10,4.2,48.4,-71.2,2,y,n
653,7028200,SOREL,QUE,1914,6,2019,10,3.7,46,-73.1,1,n,n
654,7016800,ST_ALBAN,QUE,1949,9,2019,10,2.3,46.7,-72,7,n,n
655,7066820,ST_AMBROISE,QUE,1954,9,2019,10,4.5,48.5,-71.3,12,n,n
656,702FQLF,ST_ANICET,QUE,1960,11,2019,12,2,45.1,-74.2,4,y,y
657,7056930,ST_CAMILLE_,QUE,1963,7,2019,10,2,46.4,-70.2,39,n,n
658,7016960,ST_CHARLES_DE_MANDE_,QUE,1976,6,2019,10,21.4,46.3,-73.3,16,n,n
659,7017080,ST_COME,QUE,1950,12,2018,11,4.6,46.2,-73.7,24,n,n
660,7027083,ST_COME_DE_LINIERE,QUE,1965,9,2019,10,3.7,46,-70.5,24,n,n
661,7027200,ST_EPHREM,QUE,1929,2,2019,10,18.1,46,-70.9,31,n,n
662,7047250,ST_FEREOL,QUE,1915,6,1983,12,4,47.1,-70.8,22,n,n
663,7027259,ST_FLAVIEN,QUE,1963,1,2016,8,2.1,46.4,-71.5,13,n,n
664,7027302,ST_GUILLAUME,QUE,1963,1,2015,10,7.6,45.8,-72.7,4,n,n
665,7037310,ST_HIPPOLYTE,QUE,1961,2,2019,10,4.9,45.9,-74,36,n,n
666,7027329,ST_HUBERT_MONT_,QUE,1953,1,2019,12,0.8,45.5,-73.4,2,y,n
667,7027361,ST_HYACINTHE,QUE,1935,1,2019,10,8.4,45.5,-72.9,3,y,n
668,7037400,ST_JEROME,QUE,1932,5,2019,10,4.3,45.8,-74,17,n,n
669,7027516,ST_LUDGER,QUE,1964,10,2019,10,3.1,45.7,-70.6,33,n,n
670,7027520,ST_MALO_D_AUCKL_,QUE,1949,9,2019,10,3.8,45.2,-71.5,56,n,n
671,7077570,ST_MICHEL_DES_SAIN,QUE,1966,11,2019,10,7.9,46.6,-73.9,35,n,n
672,7017585,ST_NARCISSE,QUE,1973,9,2019,10,3.3,46.5,-72.4,4,n,n
673,7057600,ST_PAMPHILE,QUE,1950,11,2004,4,12.6,46.9,-69.7,38,n,n
674,7067658,ST_PRIME,QUE,1980,11,2019,10,2.2,48.6,-72.4,12,n,n
675,7027725,ST_SEBASTIEN,QUE,1972,12,2016,10,4.2,45.7,-70.9,44,n,n
676,7017760,ST_TITE,QUE,1920,5,1985,1,3,46.7,-72.5,14,n,n
677,7016840,STE_ANNE_DELA_PERADE,QUE,1949,8,2019,10,2.2,46.5,-72.2,1,n,n
678,7036855,STE_ANNE_DU_LAC,QUE,1963,6,2019,10,5.6,46.8,-75.3,26,n,n
679,7016902,STE_BEATRIX,QUE,1974,11,2019,10,7,46.2,-73.6,19,n,n
680,7057287,STE_GERMAINE,QUE,1963,1,2013,11,4.8,46.4,-70.4,51,n,n
681,7027517,STE_MADELEINE,QUE,1979,9,2016,7,6.3,45.6,-73.1,3,n,n
682,7057720,STEROSE_DEGELIS,QUE,1932,11,2004,4,6.5,47.5,-68.6,15,n,n
683,7080468,TEMISCAMINGUE,QUE,1910,4,2019,12,5,46.7,-79.1,18,n,n
684,7041382,TETE_BALEINE,QUE,1911,8,2019,12,4.3,50.4,-59.6,0,y,n
685,7028442,THETFORD_MINES,QUE,1922,2,2019,12,3.5,46,-71.2,43,y,y
686,7056616,TROIS_PISTOLES,QUE,1951,7,2019,12,0.6,47.8,-69.5,14,y,n
687,7018563,TROIS_RIVIERES,QUE,1934,11,2019,12,4.6,46.3,-72.6,6,y,y
688,7098603,VAL_D_OR,QUE,1951,7,2019,12,1.9,48,-77.7,33,y,y
689,7028680,VALLEYFIELD,QUE,1952,2,2016,10,9.3,45.2,-74.1,4,n,n
690,7088760,VILLE_MARIE,QUE,1913,12,2004,4,8.5,47.3,-79.4,21,n,n
691,7038975,WRIGHT,QUE,1967,10,2019,10,3.2,46,-76,14,n,n
692,8101746,ALMA_(Fundy_Park),NB,1950,2,2019,5,3,45.6,-64.9,4,y,n
693,8100300,AROOSTOOK,NB,1929,6,2019,12,11.3,46.7,-67.7,8,n,y
694,8100505,BATHURST,NB,1922,1,2018,10,7.2,47.6,-65.7,5,y,n
695,8100593,BUCTOUCHE,NB,1965,10,2019,12,1.7,46.4,-64.7,3,y,y
696,8100885,CHARLO_,NB,1966,12,2019,12,1.7,47.9,-66.3,4,y,y
697,8101201,DOAKTOWN,NB,1952,8,2019,12,8.5,46.5,-66,4,y,y
698,8101303,EDMUNDSTON,NB,1918,3,2019,12,3.5,47.4,-68.3,15,y,y
699,8101605,FREDERICTON,NB,1871,12,2019,12,1.8,45.9,-66.6,3,y,y
700,8101792,GAGETOWN,NB,1957,1,2017,12,1.1,45.8,-66.4,5,y,n
701,810I001,GRAND_FALLS_,NB,1913,5,2017,2,13.5,47.1,-67.8,24,y,n
702,8102201,HARVEY_STATION,NB,1920,7,1996,9,2.5,45.6,-67,18,y,n
703,8102300,KEDGWICK,NB,1931,6,1994,9,33.3,47.6,-67.3,27,n,n
704,8102600,MCADAM,NB,1917,12,1976,6,3.6,45.5,-67.3,14,n,n
705,8102848,MECHANIC_SETTLEMENT,NB,2006,7,2019,12,2.4,45.7,-65.1,40,n,y
706,8100989,MIRACHIMI,NB,1873,1,2019,12,0.5,47,-65.4,3,y,y
707,8103050,MISCOU_ISLAND,NB,1964,8,2019,12,31.9,48,-64.5,0,n,n
708,8103201,MONCTON,NB,1898,5,2019,12,1.4,46.1,-64.6,7,y,y
709,8103500,NEPISIGUIT_FALLS,NB,1922,7,2006,2,3.7,47.4,-65.7,10,n,n
710,8104295,RED_PINES,NB,2010,6,2019,12,4,47.4,-65.6,12,n,y
711,8104400,REXTON,NB,1924,9,2009,12,1.6,46.6,-64.8,0,n,n
712,8104501,SACKVILLE,NB,1935,1,2002,3,3.7,45.8,-64.3,4,y,n
713,8104901,SAINT_JOHN,NB,1871,1,2019,12,1.6,45.3,-65.8,10,y,y
714,8104700,ST_GEORGE,NB,1919,7,1981,6,4,45.1,-66.8,3,n,n
715,8104928,ST_LEONARD,NB,1985,4,2014,6,0.2,47.1,-67.8,24,n,n
716,8104935,ST_STEPHEN,NB,1992,12,2019,12,4.1,45.2,-67.2,2,y,n
717,8105210,SUSSEX,NB,1897,10,2019,12,5.9,45.7,-65.5,4,y,y
718,8105603,WOODSTOCK,NB,1914,3,2019,12,10.5,46.1,-67.5,15,y,y
719,8200100,ANNAPOLIS_ROYAL,NS,1914,4,2006,5,13.5,44.7,-65.5,0,n,n
720,8201780,BADDECK,NS,1935,6,2019,12,5,45.9,-60.6,2,y,n
721,8200827,CHETICAMP,NS,1956,2,2018,11,6.2,46.6,-60.9,4,y,y
722,8201001,COLLEGEVILLE,NS,1916,6,2019,12,5.7,45.4,-62,6,y,y
723,8201380,DEBERT,NS,1982,10,2001,6,0.2,45.4,-63.4,3,n,n
724,8201410,DEMING,NS,1913,12,2011,12,3.6,45.2,-61.1,1,y,n
725,8201601,DIGBY,NS,1898,11,1997,5,21.9,44.5,-65.7,15,y,n
726,8202000,GREENWOOD,NS,1953,1,2019,12,0.2,44.9,-64.9,2,n,n
727,8202251,HALIFAX,NS,1871,4,2019,12,5.7,44.8,-63.5,14,y,n
728,8202502,INGONISH_BEACH,NS,1950,9,2019,12,0.9,46.6,-60.4,1,y,y
729,8202592,KEJIMKUJIK_PARK,NS,1966,2,2019,12,1.4,44.4,-65.2,12,y,y
730,8202810,KENTVILLE,NS,1898,3,2019,12,2.7,45,-64.4,4,y,y
731,8203100,LIVERPOOL,NS,1940,1,2012,10,3.8,44.1,-64.9,5,n,y
732,8200604,METEGHAN_RIVER,NS,1937,3,2019,12,25.4,44.2,-66.3,1,y,n
733,8203600,MOUNT_UNIACKE,NS,1920,7,2003,7,5.7,44.9,-63.8,15,n,n
734,8203702,NAPPAN,NS,1913,10,2019,12,0.5,45.7,-64.2,2,y,y
735,8204402,PARRSBORO,NS,1897,2,2019,12,4.9,45.4,-64.3,3,y,y
736,8204703,SABLE_ISLAND,NS,1897,10,2019,12,1.6,43.9,-59.9,0,y,y
737,8205000,SALMON_HOLE,NS,1938,10,2013,4,8,44.9,-64,8,n,n
738,8205092,SHEARWATER_A,NS,1953,1,2019,12,1,44.6,-63.5,2,y,y
739,8205200,SPRINGFIELD,NS,1920,7,2003,8,2.7,44.6,-64.8,16,n,n
740,8204800,ST_MARGARET_S_BAY,NS,1922,4,2019,12,4.5,44.7,-63.9,1,n,n
741,8205601,STILLWATER,NS,1915,12,2004,2,15.7,45.1,-61.9,1,y,n
742,8205702,SYDNEY,NS,1870,1,2019,12,1.3,46.1,-60,6,y,y
743,8201390,TRURO,NS,1873,1,2019,12,5.1,45.4,-63.4,3,y,y
744,8204193,UPPER_STEWIACKE,NS,1915,11,2019,12,1.6,45.2,-63,2,y,y
745,8206491,YARMOUTH,NS,1879,8,2019,12,0.8,43.8,-66,3,y,y
746,8300100,ALLISTON,PEI,1936,1,2016,12,16,46,-62.6,6,n,n
747,8300301,CHARLOTTETOWN,PEI,1872,11,2019,12,2,46.2,-63.1,4,y,n
748,830P001,HARRINGTON_CDA_RCS,PEI,2000,7,2019,12,3.7,46.3,-63.1,5,n,y
749,8300562,ST_PETERS,PEI,1960,12,2019,12,2.5,46.4,-62.5,3,y,y
750,8300596,SUMMERSIDE,PEI,1929,6,2019,12,13.2,46.4,-63.8,1,y,y
751,8400413,BAY_D_ESPOIR,NFLD,1967,11,2019,11,8.9,47.9,-55.8,2,n,y
752,8400601,BONAVISTA,NFLD,1959,1,2019,12,1.6,48.6,-53.1,2,y,y
753,8400698,BUCHANS,NFLD,1943,11,2011,6,7.5,48.8,-56.8,27,y,n
754,8400801,BURGEO,NFLD,1966,11,2019,12,4.1,47.6,-57.6,1,y,y
755,8501106,CARTWRIGHT,NFLD,1934,11,2019,12,1.4,53.6,-57,1,y,y
756,8501131,CHURCHILL_FALLS,NFLD,1968,11,2019,12,2.7,53.5,-64.1,44,y,y
757,8401251,COLINET,NFLD,1938,8,1996,9,6.6,47.2,-53.5,5,y,n
758,8401295,CORMACK,NFLD,1980,12,2019,12,3,49.3,-57.4,16,y,y
759,8401298,CORNER_BROOK,NFLD,1933,4,2019,12,3.9,48.9,-57.9,15,y,n
760,8401405,DANIELS_HARBOUR,NFLD,1946,11,2019,12,5.2,50.2,-57.5,1,y,y
761,8401502,DEER_LAKE,NFLD,1933,3,2019,12,1.6,49.2,-57.4,2,y,y
762,8401550,EXPLOITS_DAM,NFLD,1956,6,2009,2,1.8,48.7,-56.6,15,n,n
763,8401705,GANDER,NFLD,1937,1,2019,12,0.6,48.9,-54.5,15,y,y
764,8501900,GOOSE,NFLD,1941,12,2019,12,0.2,53.3,-60.4,4,n,y
765,8400301,GRAND_FALLS,NFLD,1934,1,2019,12,17,48.9,-56,10,y,n
766,8502400,HOPEDALE,NFLD,1942,1,2019,12,18.2,55.4,-60.2,1,n,y
767,8502592,MARY_S_HARBOUR,NFLD,1884,4,2019,12,8.2,52.3,-55.8,1,y,n
768,8402757,MILLERTOWN,NFLD,2013,1,2019,12,8.6,48.8,-56.5,20,n,y
769,8502799,NAIN,NFLD,1984,9,2019,12,1.9,56.5,-61.6,0,y,y
770,8402958,PLUM_POINT,NFLD,1972,7,2019,7,4.6,51,-56.8,0,n,y
771,8402980,PORT_AUXBASQUES,NFLD,1909,2,2019,12,24.6,47.5,-59.1,4,y,n
772,8403097,ROCKY_HARBOUR,NFLD,1972,7,2013,12,1.5,49.5,-57.8,6,y,y
773,8403389,ST_ANTHONY,NFLD,1946,6,2019,12,12.8,51.4,-56,3,y,n
774,8403505,ST_JOHN_S,NFLD,1874,1,2019,12,4.3,47.6,-52.7,14,y,n
775,8403603,ST_JOHN_WEST,NFLD,1950,11,2019,12,6.6,47.5,-52.7,11,y,y
776,8403619,ST_LAWRENCE,NFLD,1989,11,2019,12,14.6,46.9,-55.3,4,y,y
777,8403820,STEPHENVILLE,NFLD,1895,6,2019,12,6.6,48.5,-58.5,5,y,y
778,8403851,TERRA_NOVA_NAT_PARK_,NFLD,1962,3,2019,12,7.1,48.5,-53.9,10,y,y
779,8504177,WABUSH_LAKE,NFLD,1960,11,2019,12,0.8,52.9,-66.8,55,y,y
780,8404343,WRECKHOUSE,NFLD,1981,6,2019,12,1.5,47.7,-59.3,3,y,y
